–ö–∞–Ω–∞–ª,–ü–î–ü,–û–ü–ò–°–ê–ù–ò–ï
@fuckingenglish,343 316 ,–ê–≤—Ç–æ—Ä—Å–∫–∏–π –±–ª–æ–≥ –æ –Ω–µ—Ü–µ–Ω–∑—É—Ä–Ω–æ–º –∞–Ω–≥–ª–∏–π—Å–∫–æ–º.
@english2020easy,239 019 ,–£—á–∏—Ç–µ –∞–Ω–≥–ª–∏–π—Å–∫–∏–π —è–∑—ã–∫
@state_english,224 287 ,–ú–µ–Ω–µ–¥–∂–µ—Ä –ø–æ —Ä–µ–∫–ª–∞–º–µ - @Lera_d23
@EnglishBestChannel,181 498 ,"–£—á–∏—Ç–µ –∞–Ω–≥–ª–∏–π—Å–∫–∏–π —è–∑—ã–∫ —Å–∞–º–æ—Å—Ç–æ—è—Ç–µ–ª—å–Ω–æ –∏ –±–µ—Å–ø–ª–∞—Ç–Ω–æ. –ö–∞–Ω–∞–ª ‚Ññ1 –≤ –¢–µ–ª–µ–≥—Ä–∞–º–µ –≤ –∫–∞—Ç–µ–≥–æ—Ä–∏–∏ ""–ê–Ω–≥–ª–∏–π—Å–∫–∏–π —è–∑—ã–∫"""
@englishmaria,129 543 ,–ú–∞—Ä–∏—è –ë–∞—Ç—Ö–∞–Ω
@skyengweekly,116 819 ,"Welcome to Skyeng ‚Äî –æ–Ω–ª–∞–π–Ω-—à–∫–æ–ª—É, —Å –∫–æ—Ç–æ—Ä–æ–π —Ç—ã –Ω–∞–∫–æ–Ω–µ—Ü-—Ç–æ –≤—ã—É—á–∏—à—å –∞–Ω–≥–ª–∏–π—Å–∫–∏–π!"
@seriesenglishhh,112 085 ,–£—á–∏ –∞–Ω–≥–ª–∏–π—Å–∫–∏–π –ø–æ –ª—é–±–∏–º—ã–º–∏ —Å–µ—Ä–∏–∞–ª–∞–º
@anglyskyi_yazyk,99 842 ,"–ö–∞–∂–¥—ã–π –¥–µ–Ω—å –≤—ã—Ö–æ–¥–∏—Ç –ø–æ–¥–±–æ—Ä–∫–∞ –∏–∑ 5 –∞–Ω–≥–ª–∏–π—Å–∫–∏—Ö —Å–ª–æ–≤ –∏ —Ç–µ—Å—Ç—ã –¥–ª—è —Å–∞–º–æ–ø—Ä–æ–≤–µ—Ä–∫–∏, –∞ —Ç–∞–∫–∂–µ –Ω–∞—É—á–Ω–æ —Ä–∞–∑–≤–ª–µ–∫–∞—Ç–µ–ª—å–Ω—ã–π –∫–æ–Ω—Ç–µ–Ω—Ç."
@spaceofeng,89 316 ,–ò–∑—É—á–∞–π –∞–Ω–≥–ª–∏–π—Å–∫–∏–π —Å –Ω–∞–º–∏!!!
@english_master_academy,86 056 ,–°–æ–≤—Ä–µ–º–µ–Ω–Ω—ã–µ –∏ —ç—Ñ—Ñ–µ–∫—Ç–∏–≤–Ω—ã–µ –º–µ—Ç–æ–¥–∏–∫–∏
@dailyeng,78 330 ,–†–µ–∫–ª–∞–º–∞: @buss_ads
@veryenglink,73 529 ,"‚≠ïÔ∏è –ò–¥–∏–æ–º—ã, –≥—Ä–∞–º–º–∞—Ç–∏–∫–∞, –∏–Ω—Ç–µ—Ä–µ—Å–Ω—ã–µ —Ñ—Ä–∞–∑—ã. –£—á–∏ –∞–Ω–≥–ª–∏–π—Å–∫–∏–π —Å –Ω–∞–º–∏! –ï–∂–µ–¥–Ω–µ–≤–Ω–æ!"
@ieltstoeflcefrr,68 047 ,–•–æ—á–µ—à—å –≥–æ–≤–æ—Ä–∏—Ç—å –Ω–∞ –∞–Ω–≥–ª–∏–π—Å–∫–æ–º –∫–∞–∫ –Ω–æ—Å–∏—Ç–µ–ª—å? –¢–æ–≥–¥–∞ —Ç—ã –ø–æ –∞–¥—Ä–µ—Å—É!
@debilenglish,67 826 ,"–≥–æ—Ç–æ–≤–∏–º—Å—è –∫ –µ–≥—ç, –ø–µ—Ä–µ–µ–∑–¥—É –≤ –¥—Ä—É–≥—É—é —Å—Ç—Ä–∞–Ω—É, –±–∏–∑–Ω–µ—Å-–∞–Ω–≥–ª–∏–π—Å–∫–∏–π, —ç–∫—Å–ø—Ä–µ—Å—Å-–∫—É—Ä—Å –¥–ª—è —Ç–µ–±—è, –¥–µ–±–∏–ª–∞"
@EnglishScript,64 656 ,–¢–µ—Ö–Ω–∏—á–µ—Å–∫–∏–π –∞–Ω–≥–ª–∏–π—Å–∫–∏–π –¥–ª—è –∞–π—Ç–∏—à–Ω–∏–∫–æ–≤ ‚Äç
@anglysky_yazyki,64 514 ,"–î–æ—Å—Ç–∞—Ç–æ—á–Ω–æ –≤—Å–µ–≥–æ 5 –º–∏–Ω—É—Ç –≤ –¥–µ–Ω—å - –∏ —É–∂–µ —á–µ—Ä–µ–∑ –º–µ—Å—è—Ü, –±—É–¥–µ—Ç–µ —Å–º–æ—Ç—Ä–µ—Ç—å ¬´–ò–Ω—Ç–µ—Ä—Å—Ç–µ–ª–ª–∞—Ä¬ª –≤ –æ—Ä–∏–≥–∏–Ω–∞–ª–µ."
@englishtg1,62 368 ,–£—á–∏–º –∞–Ω–≥–ª–∏–π—Å–∫–∏–π —Å –Ω—É–ª—è –∏ –≤ –ª—é–±–æ–º –≤–æ–∑—Ä–∞—Å—Ç–µ!
@hot_idioms,61 046 ,–ò–¥–∏–æ–º—ã –∞–Ω–≥–ª–∏–π—Å–∫–æ–≥–æ —è–∑—ã–∫–∞.
@english_duolingo,59 405 ,–ë–µ—Å–ø–ª–∞—Ç–Ω—ã–π –∫—É–ª—å—Ç–æ–≤—ã–π –∫–∞–Ω–∞–ª –¥–ª—è –∏–∑—É—á–µ–Ω–∏—è —è–∑—ã–∫–∞ –∏ –∫—Ä–∞—É–¥—Å–æ—Ä—Å–∏–Ω–≥–æ–≤—ã—Ö –ø–µ—Ä–µ–≤–æ–¥–æ–≤. –ù–∞—à —á–∞—Ç: @duoengchat
@i_love_english_online,56 455 ,The first channel with free movies and books in English
@englishgalaxy_school,55 198 ,enggalaxy.com - –ø—Ä–∏–ª–æ–∂–µ–Ω–∏–µ English Galaxy
@helloMUMg,52 058 ,"–ö–∞–Ω–∞–ª –¥–ª—è —Ä–æ–¥–∏—Ç–µ–ª–µ–π, –∫–æ—Ç–æ—Ä—ã–µ —Ö–æ—Ç—è—Ç –Ω–∞—É—á–∏—Ç—å —Ä–µ–±–µ–Ω–∫–∞ –≥–æ–≤–æ—Ä–∏—Ç—å –Ω–∞ –∞–Ω–≥–ª–∏–π—Å–∫–æ–º —è–∑—ã–∫–µ —Å —Ä–∞–Ω–Ω–µ–≥–æ –¥–µ—Ç—Å—Ç–≤–∞."
@englex_school,48 859 ,–û–Ω–ª–∞–π–Ω-—à–∫–æ–ª–∞ –∞–Ω–≥–ª–∏–π—Å–∫–æ–≥–æ —è–∑—ã–∫–∞ ¬´–ò–Ω–≥–ª–µ–∫—Å¬ª ‚Üí https://vk.cc/cq2NWQ
@English_Books_TG,46 600 ,–ù–∞—à –±–æ—Ç - @Lexic_ON_bot
@ieltscope,41 851 ,IELTSCPE
@clowar,41 096 ,–ê–¥–º–∏–Ω: @re_0ff
@Angliyskiy_yaziki,36 579 ,Visual English - the easiest way to learn
@Dudetranslate,35 943 ,"–°–∞–º—ã–π –≤–µ—Å–µ–ª—ã–π —Å–ø–æ—Å–æ–± —É—á–∏—Ç—å –∞–Ω–≥–ª–∏–π—Å–∫–∏–π —è–∑—ã–∫. –°–ª–µ–Ω–≥, –∂–∞—Ä–≥–æ–Ω, –Ω–µ–æ–ª–æ–≥–∏–∑–º—ã... –ö–∞–∂–¥—ã–π –¥–µ–Ω—å –º—ã –ø—É–±–ª–∏–∫—É–µ–º –Ω–æ–≤—ã–µ —Å–ª–æ–≤–∞."
@idenglish_online,33 739 ,–ë–µ—Å–ø–ª–∞—Ç–Ω—ã–π –∏–Ω—Ç–µ–Ω—Å–∏–≤  https://online.idenglish.ru/int_gc_social?utm_source=tg&utm_medium=zakrep
@swithm,30 055 ,–†–µ–∫–ª–∞–º–∞ - @anastasia_bondareva.
@anglyskyb,24 866 ,–ó–∞–º–µ—á–∞—Ç–µ–ª—å–Ω—ã–µ –º—ã—Å–ª–∏ –∏ –æ—Å—Ç—Ä–æ—É–º–Ω—ã–µ —Ñ—Ä–∞–∑—ã –Ω–∞ –∞–Ω–≥–ª–∏–π—Å–∫–æ–º —Å —Ç–æ—á–Ω—ã–º –ø–µ—Ä–µ–≤–æ–¥–æ–º.
@EnglishBooksTG,24 601 ,–£—á–∏–º English –≤ –∫–∞—Ä—Ç–∏–Ω–∫–∞—Ö. –ù–æ–≤—ã–µ —Å–ª–æ–≤–∞ –∫–∞–∂–¥—ã–π –¥–µ–Ω—å.
@your_practice,24 463 ,–°–æ–≤–µ—Ä—à–µ–Ω—Å—Ç–≤—É–π —Å–≤–æ–∏ –Ω–∞–≤—ã–∫–∏ —Å –Ω–∞–º–∏!
@EngInPhrases,24 030 ,–£—á–∏ –∫–∞–∂–¥—ã–π –¥–µ–Ω—å –ø–æ —Ñ—Ä–∞–∑–µ –∏ —Ç–≤–æ–π –∞–Ω–≥–ª–∏–π—Å–∫–∏–π –±—É–¥–µ—Ç very good
@Perevod_s_bogatogo,23 942 ,"–ì–æ–≤–æ—Ä—è—Ç –∑–∞ –±—É–≥—Ä–æ–º —Ç—Ä–∞–≤–∞ –∑–µ–ª–µ–Ω–µ–µ... –æ–¥–Ω–æ–∑–Ω–∞—á–Ω–æ, –∑–µ–ª–µ–Ω–µ–µ."
@englishProt,19 879 ,–ò–∑—É—á–∞–µ–º –∞–Ω–≥–ª–∏–π—Å–∫–∏–π —è–∑—ã–∫
@GameOfEnglish,19 878 ,–£—á–∏–º –≤–º–µ—Å—Ç–µ - –∏–≥—Ä–∞–µ–º –≤–º–µ—Å—Ç–µ
@myenglishdom,19 714 ,‚ÄçÔ∏è–ë–µ–∑–∫–æ—à—Ç–æ–≤–Ω–∏–π –ø—Ä–æ–±–Ω–∏–π —É—Ä–æ–∫: https://bit.ly/_free_lesson_
@gaponova,19 627 ,–†–ö–ù ‚Ññ 4922684101
@angliyskiy_english,18 887 ,–ê–Ω–≥–ª–∏–π—Å–∫–∏–π —è–∑—ã–∫ —Å –Ω—É–ª—è
@englesson,18 474 ,@petr_khandozhko - –ø–æ –≤–æ–ø—Ä–æ—Å–∞–º —Ä–µ–∫–ª–∞–º—ã
@kakrodnoyschool,18 388 ,–≠–∫–æ—Å–∏—Å—Ç–µ–º–∞ –ø—Ä–æ–∫–∞—á–∫–∏ –∞–Ω–≥–ª–∏–π—Å–∫–æ–≥–æ –¥–ª—è –ª—é–±—ã—Ö —Ü–µ–ª–µ–π –¥–∞–∂–µ —Å –Ω—É–ª—è. –ü–æ–¥–≥–æ—Ç–æ–≤–∏–º –∫ IELTS –∏ –ï–ì–≠. –û—Å—Ç–∞–≤–ª—è–π—Ç–µ –∑–∞—è–≤–∫—É –Ω–∞ –±–µ—Å–ø–ª–∞—Ç–Ω—É—é –¥–∏–∞–≥–Ω–æ—Å—Ç–∏–∫—É:
@EngPolls,16 850 ,–ü—Ä–æ–≤–µ—Ä—å —Å–≤–æ–π —É—Ä–æ–≤–µ–Ω—å –∞–Ω–≥–ª–∏–π—Å–∫–æ–≥–æ!
@englisa,16 140 ,–£—á–∏ –∞–Ω–≥–ª–∏–π—Å–∫–∏–π –≤–º–µ—Å—Ç–µ —Å –Ω–∞–º–∏. –õ–µ–≥–∫–æ –∏ —É–≤–ª–µ–∫–∞—Ç–µ–ª—å–Ω–æ
@UchuEnglish,16 051 ,–£—á–∏—Ç–µ –∞–Ω–≥–ª–∏–π—Å–∫–∏–π —è–∑—ã–∫ —Å–∞–º–æ—Å—Ç–æ—è—Ç–µ–ª—å–Ω–æ –∏ –±–µ—Å–ø–ª–∞—Ç–Ω–æ.  –ü–æ –≤—Å–µ–º –≤–æ–ø—Ä–æ—Å–∞–º @Sofiia_artamonova
@thinkenglish,15 862 ,- –°–æ—Ç–Ω–∏ —É—Å—Ç–æ–π—á–∏–≤—ã—Ö —Ñ—Ä–∞–∑ –∏ –≤—ã—Ä–∞–∂–µ–Ω–∏–π
@englishtochka,15 582 ,–°–∞–º–∞—è —Ä–µ–∫–æ–º–µ–Ω–¥—É–µ–º–∞—è –æ–Ω–ª–∞–π–Ω-—à–∫–æ–ª–∞ –∞–Ω–≥–ª–∏–π—Å–∫–æ–≥–æ
@one_story,14 390 ,"–ö—Ç–æ —Ö–æ—á–µ—Ç –∑–Ω–∞—Ç—å –∞–Ω–≥–ª–∏–π—Å–∫–∏–π –∫–∞–∫ –∞–Ω–≥–ª–∏—á–∞–Ω–∏–Ω, —Ç–æ—Ç —á–∏—Ç–∞–µ—Ç —Ç—É—Ç —Ä–∞—Å—Å–∫–∞–∑—ã –Ω–∞ –Ω–∞—Å—Ç–æ—è—â–µ–º –∫–æ—Ä–æ–ª–µ–≤—Å–∫–æ–º –∞–Ω–≥–ª–∏–π—Å–∫–æ–º —è–∑—ã–∫–µ. –í –æ—Ä–∏–≥–∏–Ω–∞–ª–µ"
@oksanadolinka,14 281 ,–ó–¥–µ—Å—å –º—ã —É—á–∏–º –∞–Ω–≥–ª–∏–π—Å–∫–∏–π!
@allengbooks,14 011 ,–ù–æ–≤—ã–µ –∞–Ω–≥–ª–∏–π—Å–∫–∏–µ –∏–¥–∏–æ–º—ã –∫–∞–∂–¥—ã–π –¥–µ–Ω—å!
@spkspc,13 907 ,a space to speak and a community of curious minds
@dave_englishbad,13 146 ,"–ó–¥–µ—Å—å –±—É–¥—É –ø–æ—Å—Ç–∏—Ç—å —Ç–æ, —á—Ç–æ –Ω–µ–ª—å–∑—è –≤ –ò–Ω—Å—Ç–∞–≥—Ä–∞–º"
@skyteach_ru,12 723 ,"–í—Å—ë, —á—Ç–æ –º–æ–∂–µ—Ç –ø–æ–Ω–∞–¥–æ–±–∏—Ç—å—Å—è –ø—Ä–µ–ø–æ–¥–∞–≤–∞—Ç–µ–ª—è–º –∞–Ω–≥–ª–∏–π—Å–∫–æ–≥–æ –≤ –æ–¥–Ω–æ–º –∫–∞–Ω–∞–ª–µ. –ü–ª–∞–Ω—ã —É—Ä–æ–∫–æ–≤, –∑–∞–¥–∞–Ω–∏—è, —Ç–µ–º—ã –¥–ª—è –æ–±—Å—É–∂–¥–µ–Ω–∏–π, –æ–±—â–µ–Ω–∏–µ —Å –µ–¥–∏–Ω–æ–º—ã—à–ª–µ–Ω–Ω–∏–∫–∞–º–∏ –∏ –º–Ω–æ–≥–æ–µ –¥—Ä—É–≥–æ–µ!"
@puzzleng,12 436 ,15 –º–∏–Ω—É—Ç –≤ –¥–µ–Ω—å ‚Äî –∏ —Ç–≤–æ–π –∞–Ω–≥–ª–∏–π—Å–∫–∏–π –≤—ã–π–¥–µ—Ç –Ω–∞ –Ω–æ–≤—ã–π —É—Ä–æ–≤–µ–Ω—å!
@anglyskym,12 266 ,–ë–ª–∞–≥–æ–¥–∞—Ä—è –¥–∞–Ω–Ω–æ–º—É –∫–∞–Ω–∞–ª—É –≤—ã —Å–º–æ–∂–µ—Ç–µ —Å –Ω—É–ª—è –∏–∑—É—á–∏—Ç—å –∞–Ω–≥–ª–∏–π—Å–∫–∏–π —è–∑—ã–∫
@enjoyenglish73,10 913 ,"English Cloud Network - —ç—Ç–æ —É–≥–æ–ª–æ–∫, –≥–¥–µ —É—á–∞—Ç—Å—è –∞–Ω–≥–ª–∏–π—Å–∫–æ–º—É —á–µ—Ä–µ–∑ –º–µ–º—ã, —à—É—Ç–∫–∏ –∏ –≤—Å—è–∫–∏–µ –∂–∏–∑–Ω–µ–Ω–Ω—ã–µ –∏—Å—Ç–æ—Ä–∏–∏."
@polnrus,10 861 ,"–ó–¥–µ—Å—å –±—É–¥—É—Ç –¥—É–±–ª–∏—Ä–æ–≤–∞—Ç—å—Å—è —Å–æ–æ–±—â–µ–Ω–∏—è —Å –∫–∞–Ω–∞–ª–∞ - @engslov, –Ω–æ —Ç–æ–ª—å–∫–æ –ø–æ–ª–Ω–æ—Å—Ç—å—é –Ω–∞ —Ä—É—Å—Å–∫–æ–º —è–∑—ã–∫–µ"
@studymems,10 395 ,–£—á–∏–º –∞–Ω–≥–ª–∏–π—Å–∫–∏–π —è–∑—ã–∫ –ø–æ –º–µ–º–∞–º
@inspired_with_english,10 058 ,"–ü–æ–º–æ–≥–∞—é –¥–æ–π—Ç–∏ –¥–æ —É—Ä–æ–≤–Ω—è –°1  –ó–¥–µ—Å—å —è –¥–µ–ª—é—Å—å —Å–æ–≤—Ä–µ–º–µ–Ω–Ω–æ–π –ª–µ–∫—Å–∏–∫–æ–π , —Ä–∞–∑–±–∏—Ä–∞—é –≥—Ä–∞–º–º–∞—Ç–∏–∫—É, —Ä–∞—Å—Å–∫–∞–∑—ã–≤–∞—é –ø—Ä–æ —Å–≤–æ–∏—Ö –∏–Ω–æ—Å—Ç—Ä–∞–Ω–Ω—ã—Ö –¥—Ä—É–∑–µ–π  –û–¥–Ω–∏–º —Å–ª–æ–≤–æ–º, –≤–¥–æ—Ö–Ω–æ–≤–ª—è—é –Ω–∞ –∞–Ω–≥–ª–∏–π—Å–∫–∏–π!  –ï—Å–ª–∏ –≤—ã —Ö–æ—Ç–∏—Ç–µ —É—á–∏—Ç—å—Å—è —Å–æ –º–Ω–æ–π, –ø–∏—à–∏—Ç–µ –ê–Ω–¥—Ä–µ—é @sudnik (—Ä–µ–∫–ª–∞–º–∞ –Ω–µ –ø—Ä–æ–¥–∞–µ—Ç—Å—è)"
@English_legko,10 007 ,–£—á–∏—Ç–µ –∞–Ω–≥–ª–∏–π—Å–∫–∏–π –ª–µ–≥–∫–æ!
@eng_kid,9 866 ,–£—Ä–æ–∫–∏ –∞–Ω–≥–ª–∏–π—Å–∫–æ–≥–æ –¥–ª—è –Ω–∞—á–∏–Ω–∞—é—â–∏—Ö –∏ —Å–∞–º—ã—Ö –º–∞–ª–µ–Ω—å–∫–∏—Ö
@vimilovidova,9 855 ,"–ê–≤—Ç–æ—Ä –∫–∞–Ω–∞–ª–∞ ‚Äî –ø–æ—ç—Ç, –ª–∏–Ω–≥–≤–∏—Å—Ç-–ø–æ–ª–æ–Ω–∏—Å—Ç –∏ –ø–µ—Ä–µ–≤–æ–¥—á–∏–∫ ‚Äî –í–∏ –ú–∏–ª–æ–≤–∏–¥–æ–≤–∞"
@laz_english,9 773 ,–£—á–∏–º –∫–∞–∂–¥—ã–π –¥–µ–Ω—å –ø–æ 2 –Ω–æ–≤—ã—Ö —Å–ª–æ–≤–∞.
@anglysky5u,9 640 ,–¢–æ—Ç —Å–∞–º—ã–π –∞–Ω–≥–ª–∏–π—Å–∫–∏–π –ø—Ä–æ –∫–æ—Ç–æ—Ä—ã–π –Ω–µ —Ä–∞—Å—Å–∫–∞–∂—É—Ç –≤ –∫–Ω–∏–≥–∞—Ö.
@EnglishFrend,9 380 ,–õ—É—á—à–∏–π –∏ —Å–∞–º—ã–π –ª—ë–≥–∫–∏–π —Å–ø–æ—Å–æ–± –ø–æ–Ω–∏–º–∞—Ç—å —è–∑—ã–∫ - —Å–ª—É—à–∞—Ç—å –∏ –ø–æ–≤—Ç–æ—Ä—è—Ç—å
@englishai,9 106 ,–£—á–∏ –∞–Ω–≥–ª–∏–π—Å–∫–∏–π –≤–º–µ—Å—Ç–µ —Å –Ω–∞–º–∏. –õ–µ–≥–∫–æ –∏ —É–≤–ª–µ–∫–∞—Ç–µ–ª—å–Ω–æ
@bekkerenglish,8 870 ,–ò–Ω–¥–∏–≤–∏–¥—É–∞–ª—å–Ω—ã–µ –∑–∞–Ω—è—Ç–∏—è –ø–æ –∞–Ω–≥–ª–∏–π—Å–∫–æ–º—É —è–∑—ã–∫—É - –ø–∏—Å–∞—Ç—å @bekkerolga
@fleurfeeee,8 519 ,"–Ø –õ–∏–∑–∞,—Ä–∞—Å—Å–∫–∞–∑—ã–≤–∞—é –≤—Å—ë –æ–± –∏–∑—É—á–µ–Ω–∏–∏ –∞–Ω–≥–ª–∏–π—Å–∫–æ–≥–æ —è–∑—ã–∫–∞ –∏ –æ —Å–≤–æ–µ–π –∂–∏–∑–Ω–∏"
@kakskazaty,8 418 ,–õ—É—á—à–∏–π —Å–ø–æ—Å–æ–± —Å–≤–æ–±–æ–¥–Ω–æ –≥–æ–≤–æ—Ä–∏—Ç—å - —ç—Ç–æ –∏—Å–ø–æ–ª—å–∑–æ–≤–∞—Ç—å –≥–æ—Ç–æ–≤—ã–µ —Ñ—Ä–∞–∑—ã
@historiasesp,8 411 ,"–ë–µ—Ä–∏—Ç–µ —Å—Ç—Ä–∞—Ç–µ–≥–∏—é ""–°–Ω–∞—á–∞–ª–∞ –≥–æ–≤–æ—Ä–∏, –ø–æ—Ç–æ–º —É—á–∏: –±–µ–≥–ª–∞—è —Ä–µ—á—å –∑–∞  —á–∞—Å–æ–≤ –ø—Ä–∞–∫—Ç–∏–∫–∏"" https://school.gurbatov.ru/registration"
@polinuas,8 096 ,–¢–µ–ª–µ–≥—Ä–∞–º–º –ø—Ä–æ –∏–∑—É—á–µ–Ω–∏–µ –∞–Ω–≥–ª–∏–π—Å–∫–æ–≥–æ —è–∑—ã–∫–∞ –∏ —É—á—ë–±—É –≤ –°–®–ê!
@Brejestovski,8 075 ,"–ò–∑—É—á–∞–π—Ç–µ –∞–Ω–≥–ª–∏–π—Å–∫–∏–π —Å –ê–Ω—Ç–æ–Ω–æ–º –ë—Ä–µ–∂–µ—Å—Ç–æ–≤—Å–∫–∏–º, aka Anthony. –û–Ω ‚Äì –±–∏–ª–∏–Ω–≥–≤–∞–ª—å–Ω—ã–π –ø—Ä–µ–ø–æ–¥–∞–≤–∞—Ç–µ–ª—å, –ø–æ–ª–∏–≥–ª–æ—Ç, –∞–≤—Ç–æ—Ä –∫–Ω–∏–≥, –∫—É—Ä—Å–æ–≤, –º–µ—Ç–æ–¥–∏–∫, –ø–µ—Ä—Å–æ–Ω–∞–ª—å–Ω—ã–π —Ç—Ä–µ–Ω–µ—Ä –ø–æ –∞–Ω–≥–ª–∏–π—Å–∫–æ–º—É –º–Ω–æ–≥–∏—Ö –º–µ–¥–∏–π–Ω—ã—Ö –ø–µ—Ä—Å–æ–Ω."
@sayanyway,7 760 ,#english
@uye_channel,7 622 ,"–ü–∏—à—É –±–µ—Å—Ç—Å–µ–ª–ª–µ—Ä—ã –ø—Ä–æ –∫–ª–∞—Å—Å–Ω—ã—Ö –∂–µ–Ω—â–∏–Ω, –ø–æ–º–æ–≥–∞—é –∑–∞–≥–æ–≤–æ—Ä–∏—Ç—å –Ω–∞ –∞–Ω–≥–ª–∏–π—Å–∫–æ–º, –ø—Ä–æ–≤–æ–∂—É –≤—ã—Å—Ç–∞–≤–∫–∏ –∏ –ª–µ–∫—Ü–∏–∏, —É—á—É—Å—å –±—ã—Ç—å –≥–ª–∞–≤–Ω–æ–π –≥–µ—Ä–æ–∏–Ω–µ–π —Å–≤–æ–µ–π –∂–∏–∑–Ω–∏"
@supastasia,7 612 ,Hi! –ú–µ–Ω—è –∑–æ–≤—É—Ç ASTASI√Ä
@tg_engl1sh,7 561 ,"–ê–Ω–≥–ª–∏–π—Å–∫–∏–π –Ω–µ –∏–∑ —É—á–µ–±–Ω–∏–∫–æ–≤, –∞ –∏–∑ –∂–∏–∑–Ω–∏ü´∂"
@eng_boss,7 262 ,–£—á–∏–º –∞–Ω–≥–ª–∏–π—Å–∫–∏–π –≤–º–µ—Å—Ç–µ —Å –ø–æ–º–æ—â—å—é –ø—Ä–æ—Å—Ç—ã—Ö –∏ —ç—Ñ—Ñ–µ–∫—Ç–∏–≤–Ω—ã—Ö –ø–æ–¥–±–æ—Ä–æ–∫ –∏ –∏–Ω—Ç–µ—Ä–∞–∫—Ç–∏–≤–∞
@englishlb,7 171 ,Connect: @englishlbb
@english_daily_speech,6 590 ,–ü—Ä–æ–µ–∫—Ç –¥–≤—É—Ö –∫–∞—Ñ–µ–¥—Ä –ò–Ω–Ø–∑–∞  (–ú–ì–£ –∏ –ú–ì–ò–ú–û).
@UnknownEnglish,6 554 ,Ô∏è –ê–≤—Ç–æ—Ä—Å–∫–∏–π –∫–∞–Ω–∞–ª –î–µ–Ω–∏—Å–∞ –ü—Ä–æ—Ç–æ–ø–æ–ø–æ–≤–∞ @Denis192535
@anglysky,6 516 ,–£—á–∏–º –∞–Ω–≥–ª–∏–π—Å–∫–∏–π –≤–º–µ—Å—Ç–µ!
@olgata_english,6 169 ,"–ü–æ–º–æ–≥–∞—é —É—á–∏—Ç–µ–ª—è–º —Å–ª–æ–≤–æ–º, –¥–µ–ª–æ–º –∏ –º–∞—Ç–µ—Ä–∏–∞–ª–∞–º–∏"
@engmemas,6 116 ,"–û–±—ä—è—Å–Ω—è–µ–º –º–µ–º—ã, —á—Ç–æ–±—ã –Ω–∞—É—á–∏—Ç—å—Å—è –ø–æ–Ω–∏–º–∞—Ç—å –∞–Ω–≥–ª–æ—è–∑—ã—á–Ω—ã–π —é–º–æ—Ä."
@dropenglishh,6 045 ,–ò–∑—É—á–∞–π –∞–Ω–≥–ª–∏–π—Å–∫–∏–π –ø–æ –∫–∞–ø–ª–µ –∫–∞–∂–¥—ã–π –¥–µ–Ω—å
@linba_app,6 002 ,–ê–Ω–≥–ª–∏–π—Å–∫–∏–π –Ω–∞–≤—Å–µ–≥–¥–∞ –∏ –±–µ—Å–ø–ª–∞—Ç–Ω–æ.
@engb2c1,5 834 ,–ê–Ω–≥–ª–∏–π—Å–∫–∏–π –Ω–∞ –ø—Ä–æ–¥–≤–∏–Ω—É—Ç–æ–º —É—Ä–æ–≤–Ω–µ (B1‚ÄîC1).
@chatterclub,5 730 ,–°–û –ú–ù–û–ô –¢–´ –í–´–£–ß–ò–®–¨ –ê–ù–ì–õ–ò–ô–°–ö–ò–ô –õ–ï–ì–ö–û
@code_language,5 706 ,"CodeLang ‚Äî –∞–Ω–≥–ª–∏–π—Å–∫–∏–π —è–∑—ã–∫ –¥–ª—è —Ç–µ—Ö, –∫—Ç–æ —É—á–∏—Ç—Å—è –∏ —Ä–∞–±–æ—Ç–∞–µ—Ç –≤ IT"
@chillax_eng,5 659 ,"–õ–∏–Ω–≥–≤–∏—Å—Ç–∏—á–µ—Å–∫–∏–µ —Ä–∞–∑–º—ã—à–ª–µ–Ω–∏—è, —Ç–æ–ª–∫–æ–≤—ã–µ –ª–æ–Ω–≥—Ä–∏–¥—ã –∏ —Ä–∞–±–æ—Ç–∞—é—â–∏–µ –ª–∞–π—Ñ—Ö–∞–∫–∏."
@theycallmethewildrose,5 569 ,–ó–∞–º–µ—Ç–∫–∏ –∞–Ω–≥–ª–æ—Ñ–∏–ª–∞ –Ω–∞ –ø–æ–ª—è—Ö –ø—Ä–µ–ø–æ–¥–∞–≤–∞—Ç–µ–ª—å—Å–∫–æ–π –¥–µ—è—Ç–µ–ª—å–Ω–æ—Å—Ç–∏.
@enfriend,5 485 ,English is Fun!
@English_pf,5 470 ,–£—á–∏—Å—å –∞–Ω–≥–ª–∏–π—Å–∫–æ–º—É –ª–µ–≥–∫–æ –∏ –±—ã—Å—Ç—Ä–æ –≤–º–µ—Å—Ç–µ —Å @axo_axick
@englbymems,5 443 ,"–õ—É—á—à–∏–π —Å–ø–æ—Å–æ–± —á—Ç–æ-–ª–∏–±–æ –≤—ã—É—á–∏—Ç—å - —ç—Ç–æ —Ä–µ–≥—É–ª—è—Ä–Ω—ã–µ –∑–∞–Ω—è—Ç–∏—è, –∫–æ—Ç–æ—Ä—ã–µ –ø—Ä–∏–Ω–æ—Å—è—Ç —É–¥–æ–≤–æ–ª—å—Å—Ç–≤–∏–µ. –õ–∏—Å—Ç–∞–π –º–µ–º–∞—Å–∏–∫–∏ –Ω–∞ –∞–Ω–≥–ª–∏–π—Å–∫–æ–º —Å –ø–µ—Ä–µ–≤–æ–¥–æ–º, –ø–æ–¥–Ω–∏–º–∞–π —Å–µ–±–µ –Ω–∞—Å—Ç—Ä–æ–µ–Ω–∏–µ –∏ –æ–¥–Ω–æ–≤—Ä–µ–º–µ–Ω–Ω–æ –ø–æ–≤—ã—à–∞–π —Å–≤–æ–π —Å–ª–æ–≤–∞—Ä–Ω—ã–π –∑–∞–ø–∞—Å."
@english_prime_school,5 416 ,–®–∫–æ–ª–∞ –∞–Ω–≥–ª—ñ–π—Å—å–∫–æ—ó –º–æ–≤–∏ English Prime
@angliskysodvora,5 309 ,Your window to the UK. –ó–∞–±—É–∫–∞—Ç—å —É—Ä–æ–∫ - https://meetmy.link/local_english
@english_quiz_poll,5 195 ,–£—á–∏–º #–∞–Ω–≥–ª–∏–π—Å–∫–∏–π —á–µ—Ä–µ–∑ #–∫–≤–∏–∑
@engeggsss,5 158 ,"–£—á–∏—Ç–µ —Å–ª–æ–≤–∞ –∏ —Ñ—Ä–∞–∑—ã –ø—Ä–æ—Å—Ç–æ –∏ –∏–≥—Ä–∞—é—á–∏, –ø–æ–ø–æ–ª–Ω—è–π—Ç–µ —Å–≤–æ–π —Å–ª–æ–≤–∞—Ä–Ω—ã–π –∑–∞–ø–∞—Å"
@getbetteratenglish,4 731 ,"–•–æ—Ç–∏—Ç–µ –≤—ã—É—á–∏—Ç—å –∞–Ω–≥–ª–∏–π—Å–∫–∏–π —è–∑—ã–∫, –Ω–µ –Ω–∞–ø—Ä—è–≥–∞—è—Å—å? –ù–∞—à –∫–∞–Ω–∞–ª - –∏–¥–µ–∞–ª—å–Ω–æ–µ —Ä–µ—à–µ–Ω–∏–µ! –ó–¥–µ—Å—å –≤—ã –Ω–∞–π–¥–µ—Ç–µ –∑–∞–±–∞–≤–Ω—ã–µ –ø–æ—Å—Ç–µ—Ä—ã, –∏–Ω—Ç–µ—Ä–µ—Å–Ω—ã–µ –≤–∏–∫—Ç–æ—Ä–∏–Ω—ã –∏ –≤–æ–∑–º–æ–∂–Ω–æ—Å—Ç—å –ø–æ–æ–±—â–∞—Ç—å—Å—è."
@Yippeekaiyay_English,4 355 ,Fancy English –æ—Ç —Ä–µ–ø–µ—Ç–∏—Ç–æ—Ä–∞ –∏ –ø–µ—Ä–µ–≤–æ–¥—á–∏–∫–∞. Let's learn together!
@DmitryKolesnikovEnglish,4 078 ,–£–Ω–∏–∫–∞–ª—å–Ω—ã–µ –º–∞—Ç–µ—Ä–∏–∞–ª—ã –∏ –º—ã—Å–ª–∏ –ø–æ –∏–∑—É—á–µ–Ω–∏—é –∞–Ω–≥–ª–∏–π—Å–∫–æ–≥–æ. –û—Ç –ø—Ä–∞–∫—Ç–∏–∫–∞.
@englishrise,3 956 ,Positive Thinking! Improve yourself! Focus on the positive things in your life not the negative! –ú–æ—Ç–∏–≤–∞—Ü–∏—è –Ω–∞ –∞–Ω–≥–ª–∏–π—Å–∫–æ–º —Å –ø–µ—Ä–µ–≤–æ–¥–æ–º.
@english_hour,3 940 ,–Ø - —É—á–∏—Ç–µ–ª—å –∞–Ω–≥–ª–∏–π—Å–∫–æ–≥–æ —è–∑—ã–∫–∞ :-)
@EnglishWithoutt,3 914 ,"–í—ã—É—á–∏ –∞–Ω–≥–ª–∏–π—Å–∫–∏–π —è–∑—ã–∫ –±–µ–∑ –ø—Ä–∞–≤–∏–ª –∏ –≤—Ä–µ–º—ë–Ω, –ø–æ—Ç—Ä–∞—Ç–∏–≤ 5 –º–∏–Ω—É—Ç –≤ –¥–µ–Ω—å —Å–≤–æ–µ–≥–æ –≤—Ä–µ–º–µ–Ω–∏."
@Englishtongues,3 424 ,–ò–∑—É—á–∞–π –∞–Ω–≥–ª–∏–π—Å–∫–∏–π —è–∑—ã–∫ –≤–º–µ—Å—Ç–µ —Å –Ω–∞–º–∏!
@arziani,3 392 ,–ê–≤—Ç–æ—Ä –∫–∞–Ω–∞–ª–∞ –ï–ª–µ–Ω–∞ –ê—Ä–∑–∏–∞–Ω–∏ - –ª–∏–Ω–≥–≤–æ-–∫–æ—É—á –∏ –ø–æ–ª–∏–≥–ª–æ—Ç. –°–ø–µ—Ü–∏–∞–ª–∏—Å—Ç –ø–æ –≥—Ä–∞–º–º–∞—Ç–∏–∫–µ –∏ —Ñ–æ–Ω–µ—Ç–∏–∫–µ –∞–Ω–≥–ª–∏–π—Å–∫–æ–≥–æ —è–∑—ã–∫–∞.
@engloving,3 291 ,–¢–≤–æ—è –ª—É—á—à–∞—è –ø–ª–æ—â–∞–¥–∫–∞ –¥–ª—è –ø—Ä–æ–∫–∞—á–∫–∏ –∞–Ω–≥–ª–∏–π—Å–∫–æ–≥–æ
@english_lexeme,3 142 ,"Learn words and phrases, practise pronunciation, train your memory, and improve your language skills."
@allagespage,3 071 ,"–∫—Ä–µ–∞—Ç–∏–≤–Ω–æ–µ –∞–≥–µ–Ω—Ç—Å—Ç–≤–æ, –≥–¥–µ —Ä–æ–∂–¥–∞—é—Ç—Å—è —Å—É–º–∞—Å—à–µ–¥—à–∏–µ –∏–¥–µ–∏."
@tanyachillshere,2 914 ,–¢–≤–æ–π –ª—é–±–∏–º—ã–π –ø—Ä–µ–ø–æ–¥ –ø–æ –∞–Ω–≥–ª–∏–π—Å–∫–æ–º—É
@EnglishSL,2 718 ,–ó–∞–≥–æ–≤–æ—Ä–∏ –Ω–∞ –∞–Ω–≥–ª–∏–π—Å–∫–æ–º –≤ —Å–æ–æ–±—â–µ—Å—Ç–≤–µ  SL English Club https://sl-travel.club/club_online
@quote_english,2 663 ,The Awesome Quotes
@iamumorist,2 308 ,–£—á–∏ –∞–Ω–≥–ª–∏–π—Å–∫–∏–π —Å —É–ª—ã–±–∫–æ–π
@englishqu1zz,2 143 ,"–£—á–∏ –∞–Ω–≥–ª–∏–π—Å–∫–∏–π –ø–æ –∫–≤–∏–∑–∞–º, —Ñ–∏–ª—å–º–∞–º –∏ –∏–Ω—Ç–µ—Ä–µ—Å–Ω—ã–º —Ä—É–±—Ä–∏–∫–∞–º !"
@yobestteecha,1 991 ,—É—á—É –∞–Ω–≥–ª–∏–π—Å–∫–æ–º—É –∏ –ø–æ—É—á–∞—é –ø–æ –∂–∏–∑–Ω–∏.
@liliya_english_advanced,1 966 ,"–õ–∏–ª–∏—è –ú–µ–ª—Ö–µ–º, –ø—Ä–µ–ø–æ–¥–∞–≤–∞—Ç–µ–ª—å –∏ –º–µ—Ç–æ–¥–∏—Å—Ç."
@hopandscotch,1 957 ,–ë–ª–æ–≥ —à–∫–æ–ª—ã –∞–Ω–≥–ª–∏–π—Å–∫–æ–≥–æ HOP&SCOTCH
@englishfresh,1 951 ,"–ü—Ä–∞–∫—Ç–∏—á–Ω—ã–µ —Ñ–æ—Ç–æ, –≤–∏–¥–µ–æ, –∞—É–¥–∏–æ —Å–æ–≤–µ—Ç—ã, –Ω–∞–≤—ã–∫–∏ –∏ –ø—Ä–∏—ë–º—ã –æ—Ç –ø—Ä–æ—Ñ–µ—Å—Å–∏–æ–Ω–∞–ª—å–Ω—ã—Ö —Ä–µ–ø–µ—Ç–∏—Ç–æ—Ä–æ–≤ –∞–Ω–≥–ª–∏–π—Å–∫–æ–≥–æ —è–∑—ã–∫–∞. –•–æ—á–µ—à—å –≤—ã—É—á–∏—Ç—å –∞–Ω–≥–ª–∏–π—Å–∫–∏–π –±—ã—Å—Ç—Ä–æ? –î–æ–±–∞–≤–ª—è–π—Å—è, –æ—Ç–ø—Ä–∞–≤–ª—è–π —Ä–µ–ø–æ—Å—Ç—ã –¥—Ä—É–≥—É, –±—Ä–∞—á–Ω–æ–º—É —Å–ø—É—Ç–Ω–∏–∫—É, –ø—Ä–∏—è—Ç–µ–ª—é - —Å–æ–≤–º–µ—Å—Ç–Ω–æ —É—á–∏—Ç—å —è–∑—ã–∫ –≤–µ—Å–µ–ª–µ–µ –∏ –±—ã—Å—Ç—Ä–µ–µ!!!"
@secrettostudyinusa,1 822 ,Follow to find out how our students got $7 MILLION at Yale & Brown with ESSAYS!
@engIishinformant,1 784 ,–ö–∞–Ω–∞–ª –¥–ª—è –∏–∑—É—á–µ–Ω–∏—è –ê–Ω–≥–ª–∏–π—Å–∫–æ–≥–æ —è–∑—ã–∫–∞
@ENGLISH_alive,1 781 ,"–ê–Ω–≥–ª–∏–π—Å–∫–∏–π, –Ω–∞ –∫–æ—Ç–æ—Ä–æ–º –≥–æ–≤–æ—Ä—è—Ç."
@english_just_phrases,1 645 ,Interesting turns of phrases
@englishteachersboard,1 508 ,–ë–ï–°–ü–õ–ê–¢–ù–´–ï –û–ë–™–Ø–í–õ–ï–ù–ò–Ø –†–ï–ü–ï–¢–ò–¢–û–†–û–í –ò –°–¢–£–î–ï–ù–¢–û–í
@PublicEngla,1 461 ,"–ê–Ω–≥–ª–∏–π—Å–∫–∏–π –Ω–∞ –≥—Ä–∞–Ω–∏ —Ñ–æ–ª–∞. –ñ–∏–≤–æ–π —è–∑—ã–∫ –∏–∑ –ø–æ–¥–∫–∞—Å—Ç–æ–≤, —Å–æ—Ü—Å–µ—Ç–µ–π –∏ –Ω–æ–≤–æ—Å—Ç–Ω–æ–π –ª–µ–Ω—Ç—ã."
@MyEnglishTrainer,1 391 ,@myenglishtrainer
@chekmasova,1 318 ,–†–∞—Å—Å–∫–∞–∑—ã–≤–∞—é –ø—Ä–æ —è–∑—ã–∫–∏ (–∫–∞–Ω–∞–ª –ø—Ä–æ –∏—Å–ø–∞–Ω—Å–∫–∏–π https://t.me/chekmasova_spanish)
@shortread_reddit,1 309 ,"–ö–∞–Ω–∞–ª, –Ω–∞ –∫–æ—Ç–æ—Ä–æ–º –ø—É–±–ª–∏–∫—É—é—Ç—Å—è —Å–∞–º—ã–µ —Å–≤–µ–∂–∏–µ –∏ –∏–Ω—Ç–µ—Ä–µ—Å–Ω—ã–µ —Ç—Ä–µ–¥—ã —Å –†–µ–¥–¥–∏—Ç–∞. –í –∫–∞–∂–¥–æ–º –ø–æ—Å—Ç–µ - –ø–µ—Ä–µ–≤–æ–¥, –ø–∞—Ä–∞ —Å–ª–æ–≤ –¥–ª—è —Ç–≤–æ–µ–≥–æ —Å–ª–æ–≤–∞—Ä—è –∏ –∏–Ω—Ç—É–∏—Ç–∏–≤–Ω–æ –ø–æ–Ω—è—Ç–Ω—ã–µ –¥–ª—è –∂–∏—Ç–µ–ª—è –°–ù–ì –∞—Å—Å–æ—Ü–∏–∞—Ç–∏–≤–Ω—ã–µ –º–µ–º—ã."
@sl_12_tenses,1 299 ,–ö–∞–Ω–∞–ª –¥–ª—è –∏–∑—É—á–µ–Ω–∏—è –∞–Ω–≥–ª–∏–π—Å–∫–æ–≥–æ —è–∑—ã–∫–∞
@MilingoJournal,1 290 ,"–ü—Ä–∏–≤–µ—Ç! –Ø ‚Äî –ò—Ä–∏–Ω–∞, –ø–∏—à—É –æ —Ä–∞–∑–≥–æ–≤–æ—Ä–Ω—ã—Ö –≤—ã—Ä–∞–∂–µ–Ω–∏—è—Ö –∏ –≥—Ä–∞–º–º–∞—Ç–∏–∫–µ –ø—Ä–æ—â–µ, —á–µ–º —Ç–≤–æ–∏ –ø—Ä–µ–ø–æ–¥–∞–≤–∞—Ç–µ–ª–∏"
@thisistheoffice,1 284 ,–£—á–∏–º –∞–Ω–≥–ª–∏–π—Å–∫–∏–π —è–∑—ã–∫ –ø–æ —Å–µ—Ä–∏–∞–ª–∞–º.
@jean_without_an_s,1 269 ,"–ñ–µ–Ω—è –û—Ñ–∏–º–∫–∏–Ω–∞, English teacher"
@anglo_boost,1 256 ,"–í—Å—ë, —á—Ç–æ –Ω—É–∂–Ω–æ, —á—Ç–æ–±—ã —Å—Ç–∞—Ç—å native speaker."
@english_hub,1 225 ,–®–∫–æ–ª–∞ –∞–Ω–≥–ª—ñ–π—Å—å–∫–æ—ó –º–æ–≤–∏
@YesICan_Wagon,1 216 ,–û—Ñ–∏—Ü–∏–∞–ª—å–Ω—ã–π –∫–∞–Ω–∞–ª –æ–Ω–ª–∞–π–Ω —à–∫–æ–ª—ã –∞–Ω–≥–ª–∏–π—Å–∫–æ–≥–æ —è–∑—ã–∫–∞ YesICan. –ö–∞—Ç–∏–º –≤ –Ω–∞—à–µ–π —Ç–µ–ª–µ–≥–µ –∫ –∏–¥–µ–∞–ª—å–Ω–æ–º—É –∞–Ω–≥–ª–∏–π—Å–∫–æ–º—É. –ü—É—Ç–µ–≤–æ–¥–∏—Ç–µ–ª—å –ø–æ –∫–∞–Ω–∞–ª—É –≤ –∑–∞–∫—Ä–µ–ø–µ.
@englification,1 203 ,Hey there! –Ø –ò—Ä–∏–Ω–∞‚Äç
@english_na_lapkax,1 156 ,–ù–∞—É—á—É –≥–æ–≤–æ—Ä–∏—Ç—å –Ω–∞ –∞–Ω–≥–ª–∏–π—Å–∫–æ–º –¥–∞–∂–µ –∫–æ—Ç–∞
@patorskaya_english,1 122 ,"–¢—É—Ç —Ç—ã –ø—Ä–æ–∫–∞—á–∞–µ—à—å –Ω–∞–≤—ã–∫–∏ —Ä–µ–∞–ª—å–Ω–æ–≥–æ –∂–∏–≤–æ–≥–æ –æ–±—â–µ–Ω–∏—è –Ω–∞ –∞–Ω–≥–ª,–Ω–∞—É—á–∏—à—å—Å—è –ø–æ–Ω–∏–º–∞—Ç—å –∞–Ω–≥–ª —Ä–µ—á—å –Ω–∞ —Å–ª—É—Ö –∏ –Ω–∞–∫–æ–Ω–µ—Ü-—Ç–æ –∑–∞–≥–æ–≤–æ—Ä–∏—à—å!"
@elizabeths_english,1 038 ,–ê–∫—Ç—É–∞–ª—å–Ω—ã–π –∞–Ω–≥–ª–∏–π—Å–∫–∏–π –æ—Ç –º–∞–≥–∏—Å—Ç—Ä–∞ —à–≤–µ–π—Ü–∞—Ä—Å–∫–æ–≥–æ –≤—É–∑–∞ —Å 10-–ª–µ—Ç–Ω–∏–º –æ–ø—ã—Ç–æ–º. –ü–æ–¥–ø–∏—Å—ã–≤–∞–π—Ç–µ—Å—å –∑–∞ –∞–≤—Ç–æ—Ä—Å–∫–∏–º–∏ –ª–∞–π—Ñ—Ö–∞–∫–∞–º–∏ –ø–æ –∏–∑—É—á–µ–Ω–∏—é —è–∑—ã–∫–∞
@easytoeng,946 ,"–ó–¥–µ—Å—å –≤—ã –Ω–∞–π–¥–µ—Ç–µ –Ω–µ–±–∞–Ω–∞–ª—å–Ω—ã–º–∏ –≤—ã—Ä–∞–∂–µ–Ω–∏—è–º–∏, –∫–æ—Ç–æ—Ä—ã–µ –Ω–µ –Ω–∞–π–¥–µ—à—å –≤ –ø—Ä–∏–≤—ã—á–Ω—ã—Ö –¥–ª—è –≤—Å–µ—Ö —É—á–µ–±–Ω–∏–∫–∞—Ö –ø–æ –∞–Ω–≥–ª–∏–π—Å–∫–æ–º—É —è–∑—ã–∫—É. –ó–¥–µ—Å—å –º–æ–∂–Ω–æ –∫–ª–∞—Å—Å–Ω–æ –ø—Ä–æ–≤–µ—Å—Ç–∏ –≤—Ä–µ–º—è!"
@tatianatheteacher_grammar,911 ,–ö—É—Ä—Å –ø—Ä–æ –æ–±—É—á–µ–Ω–∏–µ –≥—Ä–∞–º–º–∞—Ç–∏–∫–µ –¥–µ—Ç–µ–π –¥–æ 12 –ª–µ—Ç
@English_obrazov,902 ,–•–æ—á–µ—à—å –∑–Ω–∞—Ç—å –∞–Ω–≥–ª–∏–π—Å–∫–∏–π –Ω–∞ ?
@vip_english,897 ,Legendary channel is back!!!
@ahtyzhenglish,808 ,–ê–Ω–≥–ª–∏–π—Å–∫–∏–π –ø—Ä–æ—â–µ –Ω–µ–∫—É–¥–∞.
@engbassy,807 ,"–£—á–∏—Å—å, –≤–¥–æ—Ö–Ω–æ–≤–ª—è–π—Å—è, –æ–±—â–∞–π—Å—è."
@engbsong,802 ,"–£—á–∏—Ç–µ –∞–Ω–≥–ª–∏–π—Å–∫–∏–π —è–∑—ã–∫ –ø–æ –ø–µ—Å–Ω—è–º, —Ñ–∏–ª—å–º–∞–º –∏ –∫–Ω–∏–≥–∞–º"
@dashalangs,734 ,"–ü—Ä–∏–≤–µ—Ç, —è –î–∞—à–∞!"
@langwitch,701 ,–ü—Ä–æ –∞–Ω–≥–ª–∏–π—Å–∫–∏–π —Å –ª—é–±–æ–≤—å—é –∏ –≤–¥–æ—Ö–Ω–æ–≤–µ–Ω–∏–µ–º
@EGE_english_na_100_ballov,660 ,–ö–∞–Ω–∞–ª –¥–ª—è —Ç–µ—Ö –∫—Ç–æ –≥–æ—Ç–æ–≤–∏—Ç—Å—è –∫ —Å–¥–∞—á–µ –ï–ì–≠ –ø–æ –∞–Ω–≥–ª–∏–π—Å–∫–æ–º—É —è–∑—ã–∫—É –∏ —Ö–æ—á–µ—Ç –µ–≥–æ –æ—Å–≤–æ–∏—Ç—å
@en365days,644 ,–ò–∑—É—á–∞–π –∞–Ω–≥–ª–∏–π—Å–∫–∏–π —è–∑—ã–∫ 365 –¥–Ω–µ–π –≤ –≥–æ–¥—É. –ê–≤—Ç–æ—Ä - –ü–∞–≤–µ–ª –ö–∏—Å–µ–ª–µ–≤.
@ABCDpublic,594 ,"–ü–æ–ª–µ–∑–Ω—ã–µ —Å–æ–≤–µ—Ç—ã, –∏–Ω—Ç–µ—Ä–µ—Å–Ω—ã–µ —Ñ–∞–∫—Ç—ã, —ç—Ñ—Ñ–µ–∫—Ç–∏–≤–Ω—ã–µ –º–µ—Ç–æ–¥—ã –∏–∑—É—á–µ–Ω–∏—è –∞–Ω–≥–ª–∏–π—Å–∫–æ–≥–æ - –∏ –Ω–µ —Ç–æ–ª—å–∫–æ!"
@yulia_kovyneva_english,510 ,"–ü—Ä–∏–≤–µ—Ç, –º–µ–Ω—è –∑–æ–≤—É—Ç –Æ–ª–∏—è!"
@enfordummies,495 ,–ê–Ω–≥–ª–∏–π—Å–∫–∏–π —Å –Ω–æ—Å–∏—Ç–µ–ª–µ–º —è–∑—ã–∫–∞ : –∞–≤—Ç–æ—Ä—Å–∫–∞—è –º–µ—Ç–æ–¥–∏–∫–∞
@comfort_eng,491 ,–∫–æ–º—Ñ–æ—Ä—Ç–Ω–æ–µ –ø—Ä–æ—Å—Ç—Ä–∞–Ω—Å—Ç–≤–æ –¥–ª—è –∏–∑—É—á–µ–Ω–∏—è –∞–Ω–≥–ª–∏–π—Å–∫–æ–≥–æ —è–∑—ã–∫–∞ | —ç—Å—Ç–µ—Ç–∏–∫–∞
@catchylyrics,460 ,"–†–∞–∑–±–∏—Ä–∞–µ–º —Å–ª–æ–≤–∞ –∏ —Ñ—Ä–∞–∑—ã –∏–∑ –∞–Ω–≥–ª–∏–π—Å–∫–∏—Ö –ø–µ—Å–µ–Ω, —Ä–∞—Å—Å–∫–∞–∑—ã–≤–∞–µ–º –ø—Ä–æ –∏—Ö —É–ø–æ—Ç—Ä–µ–±–ª–µ–Ω–∏–µ. –ü–æ–º–æ–≥–∞–µ–º —Ä–∞—Å—à–∏—Ä–∏—Ç—å —Å–ª–æ–≤–∞—Ä–Ω—ã–π –∑–∞–ø–∞—Å –∏"
@runglishh,435 ,"–ò–Ω—Ç–µ—Ä–∞–∫—Ç–∏–≤–Ω—ã–π –∫–∞–Ω–∞–ª –û–ª—å–≥–∏ –ì—Ä–µ—Ç–µ–ª—å –¥–ª—è –∏–∑—É—á–µ–Ω–Ω–∏—è –∞–Ω–≥–ª–∏–π—Å–∫–æ–≥–æ —è–∑—ã–∫–∞ —Å —Ü–µ–ª—å—é —É–≤–µ–ª–∏—á–µ–Ω–∏—è —Å–ª–æ–≤–∞—Ä–Ω–æ–≥–æ –∑–∞–ø–∞—Å–∞ –∏ –¥—Ä—É–≥–∏—Ö —Ñ–∏—à–µ–∫ —Å –ø–æ–º–æ—â—å—é –∫–∞—Ä—Ç–∏–Ω–æ–∫, –º–µ–º–æ–≤, —Å—Ç–∞—Ç–µ–π –∏ —Ç–µ—Å—Ç–æ–≤."
@ive_oclock_with_Lugovaya,434 ,–ó–¥–µ—Å—å –í—ã –Ω–∞–π–¥–µ—Ç–µ
@wanderer_in_love,433 ,–ö–æ–º—Ñ–æ—Ä—Ç–Ω—ã–π –∞–Ω–≥–ª–∏–π—Å–∫–∏–π Ô∏è
@BusinessEnglishQuickly,391 ,"–ó–∞–ø–∏—Å–∫–∏ –ø—Ä–µ–ø–æ–¥–∞–≤–∞—Ç–µ–ª—è –ø—Ä–æ –æ–±—Ä–∞–∑–æ–≤–∞–Ω–∏–µ, —Å–∞–º–æ—Ä–∞–∑–≤–∏—Ç–∏–µ –∏ –ë–∏–∑–Ω–µ—Å-–ê–Ω–≥–ª–∏–π—Å–∫–∏–π —á–µ—Ä–µ–∑ –Ω–∞–≤—ã–∫–∏."
@EngDiscussions,347 ,–û–Ω–ª–∞–π–Ω —à–∫–æ–ª–∞ –∞–Ω–≥–ª–∏–π—Å–∫–æ–≥–æ —è–∑—ã–∫–∞ english-discussions.ru
@english_practice_daily,346 ,Practice makes perfect.
@vovas_english,338 ,English with fun and fun with English
@happyenglishwithkat,335 ,"–í–∞—à —É—é—Ç–Ω—ã–π —É–≥–æ–ª–æ–∫ –¥–ª—è –∏–∑—É—á–µ–Ω–∏—è –∞–Ω–≥–ª–∏–π—Å–∫–æ–≥–æ —è–∑—ã–∫–∞!  –ü—Ä–∏—Å–æ–µ–¥–∏–Ω—è–π—Ç–µ—Å—å –∫ –Ω–∞–º, —á—Ç–æ–±—ã —É—á–∏—Ç—å –∞–Ω–≥–ª–∏–π—Å–∫–∏–π –≤–µ—Å–µ–ª–æ –∏ —ç—Ñ—Ñ–µ–∫—Ç–∏–≤–Ω–æ. –ó–¥–µ—Å—å –≤—ã –Ω–∞–π–¥–µ—Ç–µ  –ø–æ–ª–µ–∑–Ω—ã–µ —Å–æ–≤–µ—Ç—ã, —É–≤–ª–µ–∫–∞—Ç–µ–ª—å–Ω—ã–µ –∑–∞–¥–∞–Ω–∏—è –∏ –∂–∏–≤–æ–µ –æ–±—â–µ–Ω–∏–µ —Å –µ–¥–∏–Ω–æ–º—ã—à–ª–µ–Ω–Ω–∏–∫–∞–º–∏."
@english_shminglishyay,323 ,"–ü—Ä–∏–≤–µ—Ç, —è –õ–µ–Ω–∞. –ü–µ—Ä–µ–≤–æ–¥—á–∏–∫, –∫–æ—Ç–æ—Ä—ã–π 12 –ª–µ—Ç –∑–∞–Ω–∏–º–∞–µ—Ç—Å—è –ø—Ä–µ–ø–æ–¥–∞–≤–∞–Ω–∏–µ–º . –ù–æ –∫–∞–Ω–∞–ª –Ω–µ –æ–± —ç—Ç–æ–º, –∞ –æ–± –∞–Ω–≥–ª–∏–π—Å–∫–æ–º"
@EngUnlocked,311 ,"–ö–∞–Ω–∞–ª –¥–ª—è —Ç–µ—Ö, –∫—Ç–æ –ª—é–±–∏—Ç –∞–Ω–≥–ª–∏–π—Å–∫–∏–π, —Ö–æ—á–µ—Ç –±–æ–ª—å—à–µ –æ –Ω–µ–º —É–∑–Ω–∞—Ç—å –∏, –∫–æ–Ω–µ—á–Ω–æ, –æ–≤–ª–∞–¥–µ—Ç—å –∏–º!"
@just_kolomeytseva_eng,296 ,"–ê–ª–∏–Ω–∞, –ø—Ä–µ–¥–ø—Ä–∏–Ω–∏–º–∞—Ç–µ–ª—å –∏ —Ñ—ç–Ω—Å–∏ –∏–Ω–≥–ª–∏—à —Ç–∏—á–µ—Ä"
@english_check_yourself,290 ,"Self-testing, self-control and self-discipline."
@toff_man,280 ,Spice up your English!
@monterrey_shcool,229 ,"–ê–Ω–≥–ª–∏–π—Å–∫–∏–π –¥–ª—è –¥–µ—Ç–µ–π –∏ —Ä–æ–¥–∏—Ç–µ–ª–µ–π: –ª–µ–≥–∫–æ, –∏–Ω—Ç–µ—Ä–µ—Å–Ω–æ –∏ —ç—Ñ—Ñ–µ–∫—Ç–∏–≤–Ω–æ!"
@thehangofit,195 ,–ü—Ä–æ –∏–Ω–≥–ª–∏—à! –ë—É–¥–Ω–∏ —Ä–µ–ø–µ—Ç–∏—Ç–æ—Ä–∞ –∞–Ω–≥–ª–∏–π—Å–∫–æ–≥–æ
@GrishEnglish,127 ,"–Ø –ì—Ä–∏—à–∞, –ø—Ä–µ–ø–æ–¥–∞–≤–∞—Ç–µ–ª—å –∞–Ω–≥–ª–∏–π—Å–∫–æ–≥–æ —è–∑—ã–∫–∞ (—Å –ø–æ–¥—Ç–≤–µ—Ä–∂–¥—ë–Ω–Ω—ã–º –°2, –∫—Å—Ç–∞—Ç–∏). –ë—É–¥—É —Ä–∞–¥, –µ—Å–ª–∏ —É–∑–Ω–∞–µ—Ç–µ —Ç—É—Ç —á—Ç–æ-—Ç–æ –ø–æ–ª–µ–∑–Ω–æ–µ!"
@english_tea_channel,109 ,–ê–Ω–≥–ª–∏–π—Å–∫–∏–π —è–∑—ã–∫ –±–µ–∑ —Å–∫—É—á–Ω—ã—Ö —É—á–µ–±–Ω–∏–∫–æ–≤!
@words_and_pics,103 ,"–£—á–∏–º —Å–ª–æ–≤–∞ —á–µ—Ä–µ–∑ —è—Ä–∫–∏–µ –æ–±—Ä–∞–∑—ã, —Å–æ–∑–¥–∞–Ω–Ω—ã–µ –ò–ò"
@anglijsky_lexicon,101 ,–£—á–∏–º –∞–Ω–≥–ª–∏–π—Å–∫–∏–π —É–¥–∞–ª–µ–Ω–Ω–æ!
@k_lang,100 ,"–û –ø—É—Ç–µ—à–µ—Å—Ç–≤–∏—è—Ö –ø–æ –ï–≤—Ä–æ–ø–µ –∏ –Ω–µ —Ç–æ–ª—å–∫–æ, –∂–∏–∑–Ω–∏ –≤ –ì–µ—Ä–º–∞–Ω–∏–∏ –∏ –∏–∑—É—á–µ–Ω–∏–∏ –∞–Ω–≥–ª–∏–π—Å–∫–æ–≥–æ."
@AlexeytheTeacher,34 ,The —Åhannel for learners of English | –ö–∞–Ω–∞–ª –¥–ª—è –ª—é–±–∏—Ç–µ–ª–µ–π –∞–Ω–≥–ª–∏–π—Å–∫–æ–≥–æ
@EnglishWithGilmoreGirls,25 ,Life's short. Talk English.
@beletskayaenglish,20 ,Victoria Beletskaya - your English teacher
